{
    "cam_8": {
        "int": {
            "left": [
                [
                    531.96,
                    0.0,
                    625.87
                ],
                [
                    0.0,
                    532.235,
                    345.2485
                ],
                [
                    0.0,
                    0.0,
                    1.0
                ]
            ],
            "right": [
                [
                    533.475,
                    0.0,
                    637.67
                ],
                [
                    0.0,
                    533.81,
                    364.5395
                ],
                [
                    0.0,
                    0.0,
                    1.0
                ]
            ]
        },
        "dist_coeff": {
            "left": [
                0.0,
                0.0,
                0.0,
                0.0,
                0.0
            ],
            "right": [
                0.0,
                0.0,
                0.0,
                0.0,
                0.0
            ]
        },
        "ext": {
            "left": [
                [
                    -0.43886622761054966,
                    -0.4153354848660027,
                    0.7968016498941298,
                    -0.013911133499234823
                ],
                [
                    -0.8984176333950429,
                    0.21818378947022865,
                    -0.3811057465025432,
                    0.3551709791546395
                ],
                [
                    -0.01556246342117823,
                    -0.8831150938714234,
                    -0.4688982199888708,
                    0.6560981523038796
                ],
                [
                    0.0,
                    0.0,
                    0.0,
                    1.0
                ]
            ],
            "right": [
                [
                    -0.45109057775277744,
                    -0.4443892996760605,
                    0.7739737986495965,
                    -0.08506431927552648
                ],
                [
                    -0.892472490409633,
                    0.22770381154321534,
                    -0.3894147250306791,
                    0.2580812285725511
                ],
                [
                    -0.003185047047164929,
                    -0.8664116368921374,
                    -0.49932026889882475,
                    0.6675205026614975
                ],
                [
                    0.0,
                    0.0,
                    0.0,
                    1.0
                ]
            ]
        }
    }
}