{
    "cam_multi": {
        "rotation": [
            [
                0.9197325283962019,
                -0.2935573055659113,
                -0.2606073378836672
            ],
            [
                -0.3925456358309563,
                -0.6878033487896956,
                -0.6106017336887855
            ],
            [
                0.0,
                0.663890549520448,
                -0.7478297521879144
            ]
        ],
        "translation": [
            0.8090909090909091,
            0.48989898989898994,
            0.6
        ]
    }
}
