{
    "cam_4": {
        "rotation": [
            [
                0.47224563335118175,
                0.4148287815491967,
                -0.77775390952354
            ],
            [
                0.8814453105457477,
                -0.2160500394397442,
                0.41997207642294004
            ],
            [
                0.00618274192023815,
                -0.883877515528308,
                -0.4676775718867153
            ]
        ],
        "translation": [
            1.3930967592630081,
            -0.4759272382796125,
            0.779523864343193
        ]
    },
    "cam_6": {
        "rotation": [
            [
                0.5117148277744641,
                0.40775024365196194,
                -0.7562325527491632
            ],
            [
                0.8585776355167741,
                -0.21041979420200943,
                0.4675125174777778
            ],
            [
                0.03150204479356695,
                -0.8885174444037379,
                -0.45776016882650955
            ]
        ],
        "translation": [
            1.3903917586044567,
            -0.47575133352026383,
            0.8652798825494693
        ]
    },
    "cam_7": {
        "rotation": [
            [
                0.4961075468910736,
                -0.43264613753150855,
                0.7527912204567666
            ],
            [
                -0.8660796877655167,
                -0.18516481214953423,
                0.46434897090616306
            ],
            [
                -0.061508343805586625,
                -0.8823442140234697,
                -0.4665676924322975
            ]
        ],
        "translation": [
            -0.13904231647719703,
            -0.26939968889399235,
            0.6240252424181323
        ]
    },
    "cam_8_left": {
        "rotation": [
            [
                -0.43886622761054966,
                -0.4153354848660027,
                0.7968016498941298
            ],
            [
                -0.8984176333950429,
                0.21818378947022865,
                -0.3811057465025432
            ],
            [
                -0.01556246342117823,
                -0.8831150938714234,
                -0.4688982199888708
            ]
        ],
        "translation": [
            -0.013911133499234823,
            0.3551709791546395,
            0.6560981523038796
        ]
    },
    "cam_8_right": {
        "rotation": [
            [
                -0.45109057775277744,
                -0.4443892996760605,
                0.7739737986495965
            ],
            [
                -0.892472490409633,
                0.22770381154321534,
                -0.3894147250306791
            ],
            [
                -0.003185047047164929,
                -0.8664116368921374,
                -0.49932026889882475
            ]
        ],
        "translation": [
            -0.08506431927552648,
            0.2580812285725511,
            0.6675205026614975
        ]
    }
}
